{
  "firstLayout": "",
  "gdVersion": {
    "build": 228,
    "major": 5,
    "minor": 5,
    "revision": 0
  },
  "properties": {
    "adaptGameResolutionAtRuntime": true,
    "antialiasingMode": "MSAA",
    "antialisingEnabledOnMobile": false,
    "folderProject": true,
    "orientation": "landscape",
    "packageName": "com.example.gamename",
    "pixelsRounding": false,
    "projectUuid": "62928982-61d1-471e-8301-5e5de15c4511",
    "scaleMode": "nearest",
    "sizeOnStartupMode": "adaptWidth",
    "templateSlug": "top-down-grid-movement",
    "version": "1.0.0",
    "name": "CoalitionSnake",
    "description": "Show how to seamlessly align on a grid a top-down character using the pixel perfect extension.",
    "author": "",
    "windowWidth": 200,
    "windowHeight": 150,
    "latestCompilationDirectory": "",
    "maxFPS": 60,
    "minFPS": 20,
    "verticalSync": false,
    "platformSpecificAssets": {
      "android-icon-144": "",
      "android-icon-192": "",
      "android-icon-36": "",
      "android-icon-48": "",
      "android-icon-72": "",
      "android-icon-96": "",
      "android-windowSplashScreenAnimatedIcon": "",
      "desktop-icon-512": "",
      "ios-icon-100": "",
      "ios-icon-1024": "",
      "ios-icon-114": "",
      "ios-icon-120": "",
      "ios-icon-144": "",
      "ios-icon-152": "",
      "ios-icon-167": "",
      "ios-icon-180": "",
      "ios-icon-20": "",
      "ios-icon-29": "",
      "ios-icon-40": "",
      "ios-icon-50": "",
      "ios-icon-57": "",
      "ios-icon-58": "",
      "ios-icon-60": "",
      "ios-icon-72": "",
      "ios-icon-76": "",
      "ios-icon-80": "",
      "ios-icon-87": ""
    },
    "loadingScreen": {
      "backgroundColor": 0,
      "backgroundFadeInDuration": 0.2,
      "backgroundImageResourceName": "",
      "gdevelopLogoStyle": "light",
      "logoAndProgressFadeInDuration": 0.2,
      "logoAndProgressLogoFadeInDelay": 0.2,
      "minDuration": 1.5,
      "progressBarColor": 16777215,
      "progressBarHeight": 20,
      "progressBarMaxWidth": 200,
      "progressBarMinWidth": 40,
      "progressBarWidthPercent": 30,
      "showGDevelopSplash": true,
      "showProgressBar": true
    },
    "watermark": {
      "placement": "bottom-left",
      "showWatermark": true
    },
    "authorIds": [],
    "authorUsernames": [],
    "categories": [],
    "playableDevices": [
      "keyboard",
      "gamepad",
      "mobile"
    ],
    "extensionProperties": [],
    "platforms": [
      {
        "name": "GDevelop JS platform"
      }
    ],
    "currentPlatform": "GDevelop JS platform"
  },
  "resources": {
    "resources": [
      {
        "file": "assets/Bard 4_Down_1.png",
        "kind": "image",
        "metadata": "",
        "name": "Bard 4_Down_1.png",
        "smoothed": false,
        "userAdded": false,
        "origin": {
          "identifier": "https://resources.gdevelop-app.com/assets/16x16 RPG Characters/Retro/Bards/Bard 4_Down_1.png",
          "name": "gdevelop-asset-store"
        }
      },
      {
        "file": "assets/Bard 4_Down_2.png",
        "kind": "image",
        "metadata": "",
        "name": "Bard 4_Down_2.png",
        "smoothed": false,
        "userAdded": false,
        "origin": {
          "identifier": "https://resources.gdevelop-app.com/assets/16x16 RPG Characters/Retro/Bards/Bard 4_Down_2.png",
          "name": "gdevelop-asset-store"
        }
      },
      {
        "file": "assets/Bard 4_Down_3.png",
        "kind": "image",
        "metadata": "",
        "name": "Bard 4_Down_3.png",
        "smoothed": false,
        "userAdded": false,
        "origin": {
          "identifier": "https://resources.gdevelop-app.com/assets/16x16 RPG Characters/Retro/Bards/Bard 4_Down_3.png",
          "name": "gdevelop-asset-store"
        }
      },
      {
        "file": "assets/Bard 4_Left_1.png",
        "kind": "image",
        "metadata": "",
        "name": "Bard 4_Left_1.png",
        "smoothed": false,
        "userAdded": false,
        "origin": {
          "identifier": "https://resources.gdevelop-app.com/assets/16x16 RPG Characters/Retro/Bards/Bard 4_Left_1.png",
          "name": "gdevelop-asset-store"
        }
      },
      {
        "file": "assets/Bard 4_Left_2.png",
        "kind": "image",
        "metadata": "",
        "name": "Bard 4_Left_2.png",
        "smoothed": false,
        "userAdded": false,
        "origin": {
          "identifier": "https://resources.gdevelop-app.com/assets/16x16 RPG Characters/Retro/Bards/Bard 4_Left_2.png",
          "name": "gdevelop-asset-store"
        }
      },
      {
        "file": "assets/Bard 4_Left_3.png",
        "kind": "image",
        "metadata": "",
        "name": "Bard 4_Left_3.png",
        "smoothed": false,
        "userAdded": false,
        "origin": {
          "identifier": "https://resources.gdevelop-app.com/assets/16x16 RPG Characters/Retro/Bards/Bard 4_Left_3.png",
          "name": "gdevelop-asset-store"
        }
      },
      {
        "file": "assets/Bard 4_Right_1.png",
        "kind": "image",
        "metadata": "",
        "name": "Bard 4_Right_1.png",
        "smoothed": false,
        "userAdded": false,
        "origin": {
          "identifier": "https://resources.gdevelop-app.com/assets/16x16 RPG Characters/Retro/Bards/Bard 4_Right_1.png",
          "name": "gdevelop-asset-store"
        }
      },
      {
        "file": "assets/Bard 4_Right_2.png",
        "kind": "image",
        "metadata": "",
        "name": "Bard 4_Right_2.png",
        "smoothed": false,
        "userAdded": false,
        "origin": {
          "identifier": "https://resources.gdevelop-app.com/assets/16x16 RPG Characters/Retro/Bards/Bard 4_Right_2.png",
          "name": "gdevelop-asset-store"
        }
      },
      {
        "file": "assets/Bard 4_Right_3.png",
        "kind": "image",
        "metadata": "",
        "name": "Bard 4_Right_3.png",
        "smoothed": false,
        "userAdded": false,
        "origin": {
          "identifier": "https://resources.gdevelop-app.com/assets/16x16 RPG Characters/Retro/Bards/Bard 4_Right_3.png",
          "name": "gdevelop-asset-store"
        }
      },
      {
        "file": "assets/Bard 4_Up_1.png",
        "kind": "image",
        "metadata": "",
        "name": "Bard 4_Up_1.png",
        "smoothed": false,
        "userAdded": false,
        "origin": {
          "identifier": "https://resources.gdevelop-app.com/assets/16x16 RPG Characters/Retro/Bards/Bard 4_Up_1.png",
          "name": "gdevelop-asset-store"
        }
      },
      {
        "file": "assets/Bard 4_Up_2.png",
        "kind": "image",
        "metadata": "",
        "name": "Bard 4_Up_2.png",
        "smoothed": false,
        "userAdded": false,
        "origin": {
          "identifier": "https://resources.gdevelop-app.com/assets/16x16 RPG Characters/Retro/Bards/Bard 4_Up_2.png",
          "name": "gdevelop-asset-store"
        }
      },
      {
        "file": "assets/Bard 4_Up_3.png",
        "kind": "image",
        "metadata": "",
        "name": "Bard 4_Up_3.png",
        "smoothed": false,
        "userAdded": false,
        "origin": {
          "identifier": "https://resources.gdevelop-app.com/assets/16x16 RPG Characters/Retro/Bards/Bard 4_Up_3.png",
          "name": "gdevelop-asset-store"
        }
      },
      {
        "file": "assets/Bard 6_Down_1.png",
        "kind": "image",
        "metadata": "",
        "name": "Bard 6_Down_1.png",
        "smoothed": false,
        "userAdded": false,
        "origin": {
          "identifier": "https://resources.gdevelop-app.com/assets/16x16 RPG Characters/Retro/Bards/Bard 6_Down_1.png",
          "name": "gdevelop-asset-store"
        }
      },
      {
        "file": "assets/Bard 6_Down_2.png",
        "kind": "image",
        "metadata": "",
        "name": "Bard 6_Down_2.png",
        "smoothed": false,
        "userAdded": false,
        "origin": {
          "identifier": "https://resources.gdevelop-app.com/assets/16x16 RPG Characters/Retro/Bards/Bard 6_Down_2.png",
          "name": "gdevelop-asset-store"
        }
      },
      {
        "file": "assets/Bard 6_Down_3.png",
        "kind": "image",
        "metadata": "",
        "name": "Bard 6_Down_3.png",
        "smoothed": false,
        "userAdded": false,
        "origin": {
          "identifier": "https://resources.gdevelop-app.com/assets/16x16 RPG Characters/Retro/Bards/Bard 6_Down_3.png",
          "name": "gdevelop-asset-store"
        }
      },
      {
        "file": "assets/Bard 6_Left_1.png",
        "kind": "image",
        "metadata": "",
        "name": "Bard 6_Left_1.png",
        "smoothed": false,
        "userAdded": false,
        "origin": {
          "identifier": "https://resources.gdevelop-app.com/assets/16x16 RPG Characters/Retro/Bards/Bard 6_Left_1.png",
          "name": "gdevelop-asset-store"
        }
      },
      {
        "file": "assets/Bard 6_Left_2.png",
        "kind": "image",
        "metadata": "",
        "name": "Bard 6_Left_2.png",
        "smoothed": false,
        "userAdded": false,
        "origin": {
          "identifier": "https://resources.gdevelop-app.com/assets/16x16 RPG Characters/Retro/Bards/Bard 6_Left_2.png",
          "name": "gdevelop-asset-store"
        }
      },
      {
        "file": "assets/Bard 6_Left_3.png",
        "kind": "image",
        "metadata": "",
        "name": "Bard 6_Left_3.png",
        "smoothed": false,
        "userAdded": false,
        "origin": {
          "identifier": "https://resources.gdevelop-app.com/assets/16x16 RPG Characters/Retro/Bards/Bard 6_Left_3.png",
          "name": "gdevelop-asset-store"
        }
      },
      {
        "file": "assets/Bard 6_Right_1.png",
        "kind": "image",
        "metadata": "{\"localFilePath\":\"assets/Bard 6_Right_1.png\",\"extension\":\".png\"}",
        "name": "Bard 6_Right_1.png",
        "smoothed": false,
        "userAdded": false,
        "origin": {
          "identifier": "https://resources.gdevelop-app.com/assets/16x16 RPG Characters/Retro/Bards/Bard 6_Right_1.png",
          "name": "gdevelop-asset-store"
        }
      },
      {
        "file": "assets/Bard 6_Right_2.png",
        "kind": "image",
        "metadata": "",
        "name": "Bard 6_Right_2.png",
        "smoothed": false,
        "userAdded": false,
        "origin": {
          "identifier": "https://resources.gdevelop-app.com/assets/16x16 RPG Characters/Retro/Bards/Bard 6_Right_2.png",
          "name": "gdevelop-asset-store"
        }
      },
      {
        "file": "assets/Bard 6_Right_3.png",
        "kind": "image",
        "metadata": "",
        "name": "Bard 6_Right_3.png",
        "smoothed": false,
        "userAdded": false,
        "origin": {
          "identifier": "https://resources.gdevelop-app.com/assets/16x16 RPG Characters/Retro/Bards/Bard 6_Right_3.png",
          "name": "gdevelop-asset-store"
        }
      },
      {
        "file": "assets/Bard 6_Up_1.png",
        "kind": "image",
        "metadata": "",
        "name": "Bard 6_Up_1.png",
        "smoothed": false,
        "userAdded": false,
        "origin": {
          "identifier": "https://resources.gdevelop-app.com/assets/16x16 RPG Characters/Retro/Bards/Bard 6_Up_1.png",
          "name": "gdevelop-asset-store"
        }
      },
      {
        "file": "assets/Bard 6_Up_2.png",
        "kind": "image",
        "metadata": "",
        "name": "Bard 6_Up_2.png",
        "smoothed": false,
        "userAdded": false,
        "origin": {
          "identifier": "https://resources.gdevelop-app.com/assets/16x16 RPG Characters/Retro/Bards/Bard 6_Up_2.png",
          "name": "gdevelop-asset-store"
        }
      },
      {
        "file": "assets/Bard 6_Up_3.png",
        "kind": "image",
        "metadata": "",
        "name": "Bard 6_Up_3.png",
        "smoothed": false,
        "userAdded": false,
        "origin": {
          "identifier": "https://resources.gdevelop-app.com/assets/16x16 RPG Characters/Retro/Bards/Bard 6_Up_3.png",
          "name": "gdevelop-asset-store"
        }
      },
      {
        "file": "assets/Grass.png",
        "kind": "image",
        "metadata": "{\"localFilePath\":\"assets/Grass.png\",\"extension\":\".png\",\"pskl\":{}}",
        "name": "assets\\Grass.png",
        "smoothed": false,
        "userAdded": true
      },
      {
        "file": "assets/square-icon.png",
        "kind": "image",
        "metadata": "",
        "name": "square-icon.png",
        "smoothed": false,
        "userAdded": true
      },
      {
        "file": "assets/Stone.png",
        "kind": "image",
        "metadata": "{\"localFilePath\":\"assets/Stone.png\",\"extension\":\".png\",\"pskl\":{}}",
        "name": "assets\\Stone.png",
        "smoothed": false,
        "userAdded": true
      },
      {
        "file": "assets/assets_Grass.png2.png",
        "kind": "image",
        "metadata": "{\"extension\":\".png\",\"pskl\":{}}",
        "name": "assets\\Grass.png2",
        "smoothed": false,
        "userAdded": false
      },
      {
        "file": "assets/assets_Grass.png3.png",
        "kind": "image",
        "metadata": "{\"extension\":\".png\",\"pskl\":{}}",
        "name": "assets\\Grass.png3",
        "smoothed": false,
        "userAdded": false
      },
      {
        "file": "assets/GreenStripeCircle4.png",
        "kind": "image",
        "metadata": "{\"localFilePath\":\"assets/GreenStripeCircle4.png\",\"extension\":\".png\"}",
        "name": "assets\\GreenStripeCircle4.png",
        "smoothed": false,
        "userAdded": false
      },
      {
        "file": "assets/RedStripeSquare.png",
        "kind": "image",
        "metadata": "{\"localFilePath\":\"assets/RedStripeSquare.png\",\"extension\":\".png\"}",
        "name": "assets\\RedStripeSquare.png",
        "smoothed": false,
        "userAdded": false
      },
      {
        "file": "assets/RedEmptySquare.png",
        "kind": "image",
        "metadata": "{\"localFilePath\":\"assets/RedEmptySquare.png\",\"extension\":\".png\"}",
        "name": "assets\\RedEmptySquare.png",
        "smoothed": false,
        "userAdded": false
      },
      {
        "file": "assets/Bard 6_Up_1.png",
        "kind": "image",
        "metadata": "{\"localFilePath\":\"assets/Bard 6_Up_1.png\",\"extension\":\".png\"}",
        "name": "assets\\Bard 6_Up_1.png",
        "smoothed": false,
        "userAdded": false
      },
      {
        "file": "assets/BlueSolidStar.png",
        "kind": "image",
        "metadata": "{\"localFilePath\":\"assets/BlueSolidStar.png\",\"extension\":\".png\"}",
        "name": "assets\\BlueSolidStar.png",
        "smoothed": false,
        "userAdded": false
      },
      {
        "file": "assets/BlueSripeStar.png",
        "kind": "image",
        "metadata": "{\"localFilePath\":\"assets/BlueSripeStar.png\",\"extension\":\".png\"}",
        "name": "assets\\BlueSripeStar.png",
        "smoothed": false,
        "userAdded": false
      },
      {
        "file": "assets/BlueEmptyStar.png",
        "kind": "image",
        "metadata": "{\"localFilePath\":\"assets/BlueEmptyStar.png\",\"extension\":\".png\"}",
        "name": "assets\\BlueEmptyStar.png",
        "smoothed": false,
        "userAdded": false
      },
      {
        "file": "assets/Bard 6_Left_1.png",
        "kind": "image",
        "metadata": "{\"localFilePath\":\"assets/Bard 6_Left_1.png\",\"extension\":\".png\"}",
        "name": "assets\\Bard 6_Left_1.png",
        "smoothed": false,
        "userAdded": false
      },
      {
        "file": "assets/NewSprite.png",
        "kind": "image",
        "metadata": "{\"extension\":\".png\"}",
        "name": "NewSprite",
        "smoothed": false,
        "userAdded": false
      },
      {
        "file": "assets/NewSprite2.png",
        "kind": "image",
        "metadata": "{\"extension\":\".png\",\"localFilePath\":\"assets/NewSprite2.png\"}",
        "name": "NewSprite2",
        "smoothed": false,
        "userAdded": false
      },
      {
        "file": "assets/NewSprite2.png",
        "kind": "image",
        "metadata": "{\"localFilePath\":\"assets/NewSprite2.png\",\"extension\":\".png\"}",
        "name": "assets\\NewSprite2.png",
        "smoothed": false,
        "userAdded": false
      },
      {
        "file": "assets/ShadedRedCircle.png",
        "kind": "image",
        "metadata": "{\"extension\":\".png\"}",
        "name": "ShadedRedCircle",
        "smoothed": false,
        "userAdded": false
      },
      {
        "file": "assets/EmptyRedCircle.png",
        "kind": "image",
        "metadata": "{\"extension\":\".png\",\"localFilePath\":\"assets/EmptyRedCircle.png\"}",
        "name": "EmptyRedCircle",
        "smoothed": false,
        "userAdded": false
      },
      {
        "file": "assets/SolidBlueCircle.png",
        "kind": "image",
        "metadata": "{\"extension\":\".png\",\"localFilePath\":\"assets/SolidBlueCircle.png\"}",
        "name": "SolidBlueCircle",
        "smoothed": false,
        "userAdded": false
      },
      {
        "file": "assets/ShadedBlueCircle.png",
        "kind": "image",
        "metadata": "{\"extension\":\".png\"}",
        "name": "ShadedBlueCircle",
        "smoothed": false,
        "userAdded": false
      },
      {
        "file": "assets/EmptyBlueCircle.png",
        "kind": "image",
        "metadata": "{\"extension\":\".png\",\"localFilePath\":\"assets/EmptyBlueCircle.png\"}",
        "name": "EmptyBlueCircle",
        "smoothed": false,
        "userAdded": false
      },
      {
        "file": "assets/SolidGreenSquare.png",
        "kind": "image",
        "metadata": "{\"extension\":\".png\",\"localFilePath\":\"assets/SolidGreenSquare.png\"}",
        "name": "SolidGreenSquare",
        "smoothed": false,
        "userAdded": false
      },
      {
        "file": "assets/ShadedGreenSquare.png",
        "kind": "image",
        "metadata": "{\"extension\":\".png\",\"localFilePath\":\"assets/ShadedGreenSquare.png\"}",
        "name": "ShadedGreenSquare",
        "smoothed": false,
        "userAdded": false
      },
      {
        "file": "assets/EmptyGreenSquare.png",
        "kind": "image",
        "metadata": "{\"extension\":\".png\",\"localFilePath\":\"assets/EmptyGreenSquare.png\"}",
        "name": "EmptyGreenSquare",
        "smoothed": false,
        "userAdded": false
      },
      {
        "file": "assets/SolidBlueSquare.png",
        "kind": "image",
        "metadata": "{\"extension\":\".png\",\"localFilePath\":\"assets/SolidBlueSquare.png\"}",
        "name": "SolidBlueSquare",
        "smoothed": false,
        "userAdded": false
      },
      {
        "file": "assets/ShadedBlueSquare.png",
        "kind": "image",
        "metadata": "{\"extension\":\".png\"}",
        "name": "ShadedBlueSquare",
        "smoothed": false,
        "userAdded": false
      },
      {
        "file": "assets/EmptyBlueSquare.png",
        "kind": "image",
        "metadata": "{\"extension\":\".png\",\"localFilePath\":\"assets/EmptyBlueSquare.png\"}",
        "name": "EmptyBlueSquare",
        "smoothed": false,
        "userAdded": false
      },
      {
        "file": "assets/SolidGreenStar.png",
        "kind": "image",
        "metadata": "{\"extension\":\".png\",\"localFilePath\":\"assets/SolidGreenStar.png\"}",
        "name": "SolidGreenStar",
        "smoothed": false,
        "userAdded": false
      },
      {
        "file": "assets/ShadedGreenStar.png",
        "kind": "image",
        "metadata": "{\"extension\":\".png\"}",
        "name": "ShadedGreenStar",
        "smoothed": false,
        "userAdded": false
      },
      {
        "file": "assets/EmptyGreenStar.png",
        "kind": "image",
        "metadata": "{\"extension\":\".png\",\"localFilePath\":\"assets/EmptyGreenStar.png\"}",
        "name": "EmptyGreenStar",
        "smoothed": false,
        "userAdded": false
      },
      {
        "file": "assets/SolidRedStar.png",
        "kind": "image",
        "metadata": "{\"extension\":\".png\"}",
        "name": "SolidRedStar",
        "smoothed": false,
        "userAdded": false
      },
      {
        "file": "assets/ShadedRedStar.png",
        "kind": "image",
        "metadata": "{\"extension\":\".png\"}",
        "name": "ShadedRedStar",
        "smoothed": false,
        "userAdded": false
      },
      {
        "file": "assets/EmptyRedStar.png",
        "kind": "image",
        "metadata": "{\"extension\":\".png\",\"localFilePath\":\"assets/EmptyRedStar.png\"}",
        "name": "EmptyRedStar",
        "smoothed": false,
        "userAdded": false
      },
      {
        "file": "assets/Silkscreen-Bold.ttf",
        "kind": "font",
        "metadata": "",
        "name": "ecf7f6cb89e16c44e3b5a9c8abb703ba6cbc52eb8529353125f4f5caed404144_Silkscreen-Bold.ttf",
        "userAdded": false,
        "origin": {
          "identifier": "https://asset-resources.gdevelop.io/public-resources/Open Font License/ecf7f6cb89e16c44e3b5a9c8abb703ba6cbc52eb8529353125f4f5caed404144_Silkscreen-Bold.ttf",
          "name": "gdevelop-asset-store"
        }
      },
      {
        "file": "assets/Kenney Mini.ttf",
        "kind": "font",
        "metadata": "",
        "name": "5e2e3fcc57885d5e510934e621be5f8dd7a5b6425cf46ef38073e3d2c3b04048_Kenney Mini.ttf",
        "userAdded": false,
        "origin": {
          "identifier": "https://asset-resources.gdevelop.io/public-resources/Kenney Font Pack/5e2e3fcc57885d5e510934e621be5f8dd7a5b6425cf46ef38073e3d2c3b04048_Kenney Mini.ttf",
          "name": "gdevelop-asset-store"
        }
      },
      {
        "file": "assets/assets_Grass.png4.png",
        "kind": "image",
        "metadata": "{\"extension\":\".png\",\"pskl\":{},\"localFilePath\":\"assets/assets_Grass.png4.png\"}",
        "name": "assets\\Grass.png4",
        "smoothed": false,
        "userAdded": false
      },
      {
        "file": "assets/Walk0.png",
        "kind": "image",
        "metadata": "{\"extension\":\".png\",\"localFilePath\":\"assets/Walk0.png\"}",
        "name": "Walk0",
        "smoothed": false,
        "userAdded": false
      },
      {
        "file": "assets/Walk02.png",
        "kind": "image",
        "metadata": "{\"extension\":\".png\"}",
        "name": "Walk02",
        "smoothed": false,
        "userAdded": false
      },
      {
        "file": "assets/Walk03.png",
        "kind": "image",
        "metadata": "{\"extension\":\".png\"}",
        "name": "Walk03",
        "smoothed": false,
        "userAdded": false
      },
      {
        "file": "assets/Walk04.png",
        "kind": "image",
        "metadata": "{\"extension\":\".png\",\"localFilePath\":\"assets/Walk04.png\"}",
        "name": "Walk04",
        "smoothed": false,
        "userAdded": false
      },
      {
        "file": "assets/Walk05.png",
        "kind": "image",
        "metadata": "{\"extension\":\".png\",\"localFilePath\":\"assets/Walk05.png\"}",
        "name": "Walk05",
        "smoothed": false,
        "userAdded": false
      },
      {
        "file": "assets/Walk06.png",
        "kind": "image",
        "metadata": "{\"extension\":\".png\",\"localFilePath\":\"assets/Walk06.png\"}",
        "name": "Walk06",
        "smoothed": false,
        "userAdded": false
      },
      {
        "file": "assets/Walk07.png",
        "kind": "image",
        "metadata": "{\"extension\":\".png\"}",
        "name": "Walk07",
        "smoothed": false,
        "userAdded": false
      },
      {
        "file": "assets/Walk08.png",
        "kind": "image",
        "metadata": "{\"extension\":\".png\"}",
        "name": "Walk08",
        "smoothed": false,
        "userAdded": false
      },
      {
        "file": "assets/Forest Night.mp3",
        "kind": "audio",
        "metadata": "",
        "name": "assets\\Forest Night.mp3",
        "preloadAsMusic": false,
        "preloadAsSound": false,
        "preloadInCache": false,
        "userAdded": false
      },
      {
        "file": "assets/Gotta Keep On Movin.mp3",
        "kind": "audio",
        "metadata": "",
        "name": "assets\\Gotta Keep On Movin.mp3",
        "preloadAsMusic": false,
        "preloadAsSound": false,
        "preloadInCache": false,
        "userAdded": false
      },
      {
        "file": "assets/Gold 2.aac",
        "kind": "audio",
        "metadata": "",
        "name": "assets\\Gold 2.aac",
        "preloadAsMusic": false,
        "preloadAsSound": false,
        "preloadInCache": false,
        "userAdded": false
      },
      {
        "file": "assets/death2-340040.mp3",
        "kind": "audio",
        "metadata": "",
        "name": "assets\\death2-340040.mp3",
        "preloadAsMusic": false,
        "preloadAsSound": false,
        "preloadInCache": false,
        "userAdded": false
      }
    ],
    "resourceFolders": []
  },
  "objects": [],
  "objectsFolderStructure": {
    "folderName": "__ROOT"
  },
  "objectsGroups": [],
  "variables": [],
  "layouts": [
    {
      "__REFERENCE_TO_SPLIT_OBJECT": true,
      "referenceTo": "/layouts/top-down-grid-movement"
    }
  ],
  "externalEvents": [],
  "eventsFunctionsExtensions": [
    {
      "__REFERENCE_TO_SPLIT_OBJECT": true,
      "referenceTo": "/eventsFunctionsExtensions/topdownmovementanimator"
    },
    {
      "__REFERENCE_TO_SPLIT_OBJECT": true,
      "referenceTo": "/eventsFunctionsExtensions/ysort"
    },
    {
      "__REFERENCE_TO_SPLIT_OBJECT": true,
      "referenceTo": "/eventsFunctionsExtensions/pixelperfectmovement"
    },
    {
      "__REFERENCE_TO_SPLIT_OBJECT": true,
      "referenceTo": "/eventsFunctionsExtensions/continuoussnake"
    },
    {
      "__REFERENCE_TO_SPLIT_OBJECT": true,
      "referenceTo": "/eventsFunctionsExtensions/objectpickingtools"
    },
    {
      "__REFERENCE_TO_SPLIT_OBJECT": true,
      "referenceTo": "/eventsFunctionsExtensions/spritesheet"
    }
  ],
  "externalLayouts": []
}